/uod/idr/filesets/idr0139-lawson-fascin/box-20221015/kcl-upload/1093711385/1093711385.wpi	1093711385
/uod/idr/filesets/idr0139-lawson-fascin/box-20221015/kcl-upload/1093711392/1093711392.wpi	1093711392
/uod/idr/filesets/idr0139-lawson-fascin/box-20221015/kcl-upload/1093711408/1093711408.wpi	1093711408
/uod/idr/filesets/idr0139-lawson-fascin/box-20221015/kcl-upload/1093711415/1093711415.wpi	1093711415
/uod/idr/filesets/idr0139-lawson-fascin/box-20221015/kcl-upload/1093711422/1093711422.wpi	1093711422
/uod/idr/filesets/idr0139-lawson-fascin/box-20221015/kcl-upload/1093711439/1093711439.wpi	1093711439
/uod/idr/filesets/idr0139-lawson-fascin/box-20221015/kcl-upload/1093711446/1093711446.wpi	1093711446
/uod/idr/filesets/idr0139-lawson-fascin/box-20221015/kcl-upload/1093711453.wpi	1093711453
/uod/idr/filesets/idr0139-lawson-fascin/box-20221015/kcl-upload/1093711460/1093711460.wpi	1093711460
/uod/idr/filesets/idr0139-lawson-fascin/box-20221015/kcl-upload/1093711477/1093711477.wpi	1093711477
/uod/idr/filesets/idr0139-lawson-fascin/box-20221015/kcl-upload/1093711484/1093711484.wpi	1093711484
/uod/idr/filesets/idr0139-lawson-fascin/box-20221015/kcl-upload/1093711491/1093711491.wpi	1093711491
/uod/idr/filesets/idr0139-lawson-fascin/box-20221015/kcl-upload/1093711507/1093711507.wpi	1093711507
/uod/idr/filesets/idr0139-lawson-fascin/box-20221015/kcl-upload/1093711514/1093711514.wpi	1093711514
/uod/idr/filesets/idr0139-lawson-fascin/box-20221015/kcl-upload/1093711521/1093711521.wpi	1093711521
/uod/idr/filesets/idr0139-lawson-fascin/box-20221015/kcl-upload/1093711538/1093711538.wpi	1093711538
/uod/idr/filesets/idr0139-lawson-fascin/box-20221015/kcl-upload/1093711545/1093711545.wpi	1093711545
/uod/idr/filesets/idr0139-lawson-fascin/box-20221015/kcl-upload/1093711552/1093711552.wpi	1093711552
/uod/idr/filesets/idr0139-lawson-fascin/box-20221015/kcl-upload/1093711569/1093711569.wpi	1093711569
/uod/idr/filesets/idr0139-lawson-fascin/box-20221015/kcl-upload/1093711576/1093711576.wpi	1093711576
/uod/idr/filesets/idr0139-lawson-fascin/box-20221015/kcl-upload/1093711590/1093711590.wpi	1093711590
/uod/idr/filesets/idr0139-lawson-fascin/box-20221015/kcl-upload/1093711606/1093711606.wpi	1093711606
/uod/idr/filesets/idr0139-lawson-fascin/box-20221015/kcl-upload/1093711613/1093711613.wpi	1093711613
/uod/idr/filesets/idr0139-lawson-fascin/box-20221015/kcl-upload/1093711620/1093711620.wpi	1093711620
/uod/idr/filesets/idr0139-lawson-fascin/box-20221015/kcl-upload/1093711637/1093711637.wpi	1093711637
/uod/idr/filesets/idr0139-lawson-fascin/box-20221015/kcl-upload/1093711644/1093711644.wpi	1093711644
/uod/idr/filesets/idr0139-lawson-fascin/box-20221015/kcl-upload/1093711651/1093711651.wpi	1093711651
/uod/idr/filesets/idr0139-lawson-fascin/box-20221015/kcl-upload/1093711668/1093711668.wpi	1093711668
/uod/idr/filesets/idr0139-lawson-fascin/box-20221015/kcl-upload/1093711675/1093711675.wpi	1093711675
/uod/idr/filesets/idr0139-lawson-fascin/box-20221015/kcl-upload/1093711682/1093711682.wpi	1093711682
/uod/idr/filesets/idr0139-lawson-fascin/box-20221015/kcl-upload/1093711699/1093711699.wpi	1093711699
/uod/idr/filesets/idr0139-lawson-fascin/box-20221015/kcl-upload/1093711705/1093711705.wpi	1093711705
/uod/idr/filesets/idr0139-lawson-fascin/box-20221015/kcl-upload/1093711712/1093711712.wpi	1093711712
/uod/idr/filesets/idr0139-lawson-fascin/box-20221015/kcl-upload/1093711729/1093711729.wpi	1093711729
/uod/idr/filesets/idr0139-lawson-fascin/box-20221015/kcl-upload/1093711736/1093711736.wpi	1093711736
/uod/idr/filesets/idr0139-lawson-fascin/box-20221015/kcl-upload/1093711743/1093711743.wpi	1093711743
/uod/idr/filesets/idr0139-lawson-fascin/box-20221015/kcl-upload/1093711750/1093711750.wpi	1093711750
/uod/idr/filesets/idr0139-lawson-fascin/box-20221015/kcl-upload/1093713778/1093713778.wpi	1093713778
/uod/idr/filesets/idr0139-lawson-fascin/box-20221015/kcl-upload/1093713808/1093713808.wpi	1093713808
/uod/idr/filesets/idr0139-lawson-fascin/box-20221015/kcl-upload/1093713815/1093713815.wpi	1093713815
/uod/idr/filesets/idr0139-lawson-fascin/box-20221015/kcl-upload/1093713822/1093713822.wpi	1093713822
/uod/idr/filesets/idr0139-lawson-fascin/box-20221015/kcl-upload/1093713839/1093713839.wpi	1093713839
/uod/idr/filesets/idr0139-lawson-fascin/box-20221015/kcl-upload/1093713846/1093713846.wpi	1093713846
/uod/idr/filesets/idr0139-lawson-fascin/box-20221015/kcl-upload/1093713853/1093713853.wpi	1093713853
/uod/idr/filesets/idr0139-lawson-fascin/box-20221015/kcl-upload/1093713860/1093713860.wpi	1093713860
/uod/idr/filesets/idr0139-lawson-fascin/box-20221015/kcl-upload/1093713877/1093713877.wpi	1093713877
/uod/idr/filesets/idr0139-lawson-fascin/box-20221015/kcl-upload/1093713884/1093713884.wpi	1093713884
/uod/idr/filesets/idr0139-lawson-fascin/box-20221015/kcl-upload/1093713891/1093713891.wpi	1093713891
/uod/idr/filesets/idr0139-lawson-fascin/box-20221015/kcl-upload/1093713907/1093713907.wpi	1093713907
/uod/idr/filesets/idr0139-lawson-fascin/box-20221015/kcl-upload/1093713914/1093713914.wpi	1093713914
